{
    "libraries": [
        {
            "downloads": {
                "artifact": {
                    "url": "https://libraries.minecraft.net/com/paulscode/soundsystem/20120107/soundsystem-20120107.jar",
                    "path": "com/paulscode/soundsystem/20120107/soundsystem-20120107.jar"
                }
            },
            "name": "com.paulscode:soundsystem:20120107"
        },
        {
            "downloads": {
                "artifact": {
                    "url": "https://github.com/ancientmc/ancientmc-maven/raw/maven/com/paulscode/codecjorbis-impl/20230413/codecjorbis-impl-20230413.jar",
                    "path": "com/paulscode/codecjorbis-impl/20230413/codecjorbis-impl-20230413.jar"
                }
            },
            "name": "com.paulscode:codecjorbis-impl:20230413"
        },
        {
            "downloads": {
                "artifact": {
                    "url": "https://libraries.minecraft.net/com/paulscode/codecwav/20101023/codecwav-20101023.jar",
                    "path": "com/paulscode/codecwav/20101023/codecwav-20101023.jar"
                }
            },
            "name": "com.paulscode:codecwav:20101023"
        },
        {
            "downloads": {
                "artifact": {
                    "url": "https://libraries.minecraft.net/com/paulscode/librarylwjglopenal/20100824/librarylwjglopenal-20100824.jar",
                    "path": "com/paulscode/librarylwjglopenal/20100824/librarylwjglopenal-20100824.jar"
                }
            },
            "name": "com.paulscode:librarylwjglopenal:20100824"
        }
    ]
}